{
    "0.4": {
        "cnot": {
            "fidelity": 0.35105223299100247,
            "trace_distance": 0.6933491421323416
        },
        "dcnot": {
            "fidelity": 0.34818589401477523,
            "trace_distance": 0.6954491399594189
        },
        "cz": {
            "fidelity": 0.4680011014227439,
            "trace_distance": 0.5891395873470343
        },
        "swap": {
            "fidelity": 0.3660787033512557,
            "trace_distance": 0.6852813712002279
        }
    },
    "0.45": {
        "cnot": {
            "fidelity": 0.3449999999999999,
            "trace_distance": 0.6943502884254439
        },
        "dcnot": {
            "fidelity": 0.43999999999999995,
            "trace_distance": 0.6014213562373093
        },
        "cz": {
            "fidelity": 0.4749999999999999,
            "trace_distance": 0.556066017177982
        },
        "swap": {
            "fidelity": 0.36499999999999994,
            "trace_distance": 0.6950609665440984
        }
    },
    "0.5": {
        "cnot": {
            "fidelity": 0.44537829689645664,
            "trace_distance": 0.6137482657003379
        },
        "dcnot": {
            "fidelity": 0.46227717840495514,
            "trace_distance": 0.5843617405348994
        },
        "cz": {
            "fidelity": 0.4763594603389912,
            "trace_distance": 0.5926709816601892
        },
        "swap": {
            "fidelity": 0.4873084666874914,
            "trace_distance": 0.5548083861494161
        }
    },
    "0.55": {
        "cnot": {
            "fidelity": 0.4429890279323008,
            "trace_distance": 0.6182379049113236
        },
        "dcnot": {
            "fidelity": 0.5171729990222765,
            "trace_distance": 0.5415635689602903
        },
        "cz": {
            "fidelity": 0.4146091408471468,
            "trace_distance": 0.6388691805991905
        },
        "swap": {
            "fidelity": 0.4987766891745484,
            "trace_distance": 0.5625630589216349
        }
    },
    "0.6": {
        "cnot": {
            "fidelity": 0.585601063513472,
            "trace_distance": 0.4577448877133478
        },
        "dcnot": {
            "fidelity": 0.49620776253271986,
            "trace_distance": 0.5340909445336325
        },
        "cz": {
            "fidelity": 0.5290842155909876,
            "trace_distance": 0.5124381598745885
        },
        "swap": {
            "fidelity": 0.53705911073818,
            "trace_distance": 0.501177117379432
        }
    },
    "0.6499999999999999": {
        "cnot": {
            "fidelity": 0.6299999999999999,
            "trace_distance": 0.4197056274847713
        },
        "dcnot": {
            "fidelity": 0.605,
            "trace_distance": 0.41778174593052014
        },
        "cz": {
            "fidelity": 0.6299999999999999,
            "trace_distance": 0.41142135623730935
        },
        "swap": {
            "fidelity": 0.6499999999999999,
            "trace_distance": 0.37899494936611655
        }
    },
    "0.7": {
        "cnot": {
            "fidelity": 0.7099999999999999,
            "trace_distance": 0.3148528137423856
        },
        "dcnot": {
            "fidelity": 0.6449999999999999,
            "trace_distance": 0.40263455967290573
        },
        "cz": {
            "fidelity": 0.605,
            "trace_distance": 0.430208152801713
        },
        "swap": {
            "fidelity": 0.605,
            "trace_distance": 0.426066017177982
        }
    },
    "0.75": {
        "cnot": {
            "fidelity": 0.7149999999999999,
            "trace_distance": 0.2953553390593273
        },
        "dcnot": {
            "fidelity": 0.7199999999999999,
            "trace_distance": 0.3131370849898475
        },
        "cz": {
            "fidelity": 0.6999999999999998,
            "trace_distance": 0.32485281374238567
        },
        "swap": {
            "fidelity": 0.6749999999999998,
            "trace_distance": 0.360208152801713
        }
    },
    "0.7999999999999999": {
        "cnot": {
            "fidelity": 0.7449999999999999,
            "trace_distance": 0.2777817459305202
        },
        "dcnot": {
            "fidelity": 0.7649999999999999,
            "trace_distance": 0.2536396103067892
        },
        "cz": {
            "fidelity": 0.7499999999999999,
            "trace_distance": 0.26656854249492373
        },
        "swap": {
            "fidelity": 0.7799999999999998,
            "trace_distance": 0.2489949493661166
        }
    },
    "0.8499999999999999": {
        "cnot": {
            "fidelity": 0.7649999999999999,
            "trace_distance": 0.25778174593052017
        },
        "dcnot": {
            "fidelity": 0.8449999999999999,
            "trace_distance": 0.1736396103067893
        },
        "cz": {
            "fidelity": 0.8099999999999998,
            "trace_distance": 0.2107106781186547
        },
        "swap": {
            "fidelity": 0.8449999999999999,
            "trace_distance": 0.16535533905932737
        }
    },
    "0.8999999999999999": {
        "cnot": {
            "fidelity": 0.858799311906168,
            "trace_distance": 0.1610804512585886
        },
        "dcnot": {
            "fidelity": 0.8780500959134981,
            "trace_distance": 0.15013403381605728
        },
        "cz": {
            "fidelity": 0.871268574906107,
            "trace_distance": 0.15077949125494577
        },
        "swap": {
            "fidelity": 0.8539707737775046,
            "trace_distance": 0.16384697856139002
        }
    },
    "0.9499999999999998": {
        "cnot": {
            "fidelity": 0.8999999999999999,
            "trace_distance": 0.1082842712474619
        },
        "dcnot": {
            "fidelity": 0.9599999999999999,
            "trace_distance": 0.039999999999999994
        },
        "cz": {
            "fidelity": 0.9649999999999999,
            "trace_distance": 0.04121320343559642
        },
        "swap": {
            "fidelity": 0.9299999999999998,
            "trace_distance": 0.07414213562373095
        }
    },
    "0.9999999999999999": {
        "cnot": {
            "fidelity": 0.9999999999999999,
            "trace_distance": 1.5700924586837742e-16
        },
        "dcnot": {
            "fidelity": 0.9999999999999999,
            "trace_distance": 1.5700924586837742e-16
        },
        "cz": {
            "fidelity": 0.9999999999999999,
            "trace_distance": 1.5700924586837742e-16
        },
        "swap": {
            "fidelity": 0.9999999999999999,
            "trace_distance": 1.5700924586837742e-16
        }
    }
}