{
    "0.0": {
        "cnot": {
            "fidelity": 0.9999999999999999,
            "trace_distance": 0.0
        },
        "dcnot": {
            "fidelity": 0.9999999999999999,
            "trace_distance": 0.0
        },
        "cz": {
            "fidelity": 0.9999999999999999,
            "trace_distance": 0.0
        },
        "swap": {
            "fidelity": 0.9999999999999999,
            "trace_distance": 0.0
        }
    },
    "0.05": {
        "cnot": {
            "fidelity": 0.7699999999999999,
            "trace_distance": 0.22999999999999995
        },
        "dcnot": {
            "fidelity": 0.7599999999999999,
            "trace_distance": 0.23999999999999996
        },
        "cz": {
            "fidelity": 0.7899999999999998,
            "trace_distance": 0.20999999999999996
        },
        "swap": {
            "fidelity": 0.7199999999999999,
            "trace_distance": 0.27999999999999997
        }
    },
    "0.1": {
        "cnot": {
            "fidelity": 0.6499999999999999,
            "trace_distance": 0.3499999999999999
        },
        "dcnot": {
            "fidelity": 0.5499999999999999,
            "trace_distance": 0.44999999999999996
        },
        "cz": {
            "fidelity": 0.7399999999999999,
            "trace_distance": 0.25999999999999995
        },
        "swap": {
            "fidelity": 0.5399999999999999,
            "trace_distance": 0.4599999999999999
        }
    },
    "0.15000000000000002": {
        "cnot": {
            "fidelity": 0.5599999999999999,
            "trace_distance": 0.43999999999999995
        },
        "dcnot": {
            "fidelity": 0.44999999999999996,
            "trace_distance": 0.5499999999999999
        },
        "cz": {
            "fidelity": 0.58,
            "trace_distance": 0.41999999999999993
        },
        "swap": {
            "fidelity": 0.44999999999999996,
            "trace_distance": 0.5499999999999999
        }
    },
    "0.2": {
        "cnot": {
            "fidelity": 0.36999999999999994,
            "trace_distance": 0.6299999999999999
        },
        "dcnot": {
            "fidelity": 0.42999999999999994,
            "trace_distance": 0.57
        },
        "cz": {
            "fidelity": 0.41999999999999993,
            "trace_distance": 0.58
        },
        "swap": {
            "fidelity": 0.31999999999999995,
            "trace_distance": 0.6799999999999998
        }
    },
    "0.25": {
        "cnot": {
            "fidelity": 0.44999999999999996,
            "trace_distance": 0.5499999999999999
        },
        "dcnot": {
            "fidelity": 0.42999999999999994,
            "trace_distance": 0.57
        },
        "cz": {
            "fidelity": 0.4099999999999999,
            "trace_distance": 0.59
        },
        "swap": {
            "fidelity": 0.3399999999999999,
            "trace_distance": 0.6599999999999998
        }
    },
    "0.30000000000000004": {
        "cnot": {
            "fidelity": 0.3299999999999999,
            "trace_distance": 0.6699999999999998
        },
        "dcnot": {
            "fidelity": 0.29999999999999993,
            "trace_distance": 0.6999999999999998
        },
        "cz": {
            "fidelity": 0.37999999999999995,
            "trace_distance": 0.6199999999999999
        },
        "swap": {
            "fidelity": 0.36999999999999994,
            "trace_distance": 0.6299999999999999
        }
    },
    "0.35000000000000003": {
        "cnot": {
            "fidelity": 0.31999999999999995,
            "trace_distance": 0.6799999999999998
        },
        "dcnot": {
            "fidelity": 0.3399999999999999,
            "trace_distance": 0.6599999999999998
        },
        "cz": {
            "fidelity": 0.31999999999999995,
            "trace_distance": 0.6799999999999998
        },
        "swap": {
            "fidelity": 0.2899999999999999,
            "trace_distance": 0.7099999999999999
        }
    },
    "0.4": {
        "cnot": {
            "fidelity": 0.2899999999999999,
            "trace_distance": 0.7099999999999999
        },
        "dcnot": {
            "fidelity": 0.2799999999999999,
            "trace_distance": 0.7199999999999999
        },
        "cz": {
            "fidelity": 0.3299999999999999,
            "trace_distance": 0.6699999999999998
        },
        "swap": {
            "fidelity": 0.2899999999999999,
            "trace_distance": 0.7099999999999999
        }
    },
    "0.45": {
        "cnot": {
            "fidelity": 0.2699999999999999,
            "trace_distance": 0.7299999999999999
        },
        "dcnot": {
            "fidelity": 0.31999999999999995,
            "trace_distance": 0.6799999999999998
        },
        "cz": {
            "fidelity": 0.2699999999999999,
            "trace_distance": 0.7299999999999999
        },
        "swap": {
            "fidelity": 0.24999999999999992,
            "trace_distance": 0.7499999999999999
        }
    },
    "0.5": {
        "cnot": {
            "fidelity": 0.22999999999999993,
            "trace_distance": 0.7699999999999999
        },
        "dcnot": {
            "fidelity": 0.25999999999999995,
            "trace_distance": 0.7399999999999999
        },
        "cz": {
            "fidelity": 0.29999999999999993,
            "trace_distance": 0.6999999999999998
        },
        "swap": {
            "fidelity": 0.25999999999999995,
            "trace_distance": 0.7399999999999999
        }
    }
}