{
    "0.5": {
        "cnot": {
            "fidelity": 0.45796114950314964,
            "trace_distance": 0.592761537059728
        },
        "dcnot": {
            "fidelity": 0.43037322242359166,
            "trace_distance": 0.6245485637328104
        },
        "cz": {
            "fidelity": 0.43997195418272417,
            "trace_distance": 0.6187945885539166
        },
        "swap": {
            "fidelity": 0.5426336210023353,
            "trace_distance": 0.5117336953333034
        }
    },
    "0.55": {
        "cnot": {
            "fidelity": 0.479187166583494,
            "trace_distance": 0.5697314322241551
        },
        "dcnot": {
            "fidelity": 0.4299217526022595,
            "trace_distance": 0.6186226948334058
        },
        "cz": {
            "fidelity": 0.48847267516535275,
            "trace_distance": 0.5702579483546285
        },
        "swap": {
            "fidelity": 0.5039243246945313,
            "trace_distance": 0.558694480556661
        }
    },
    "0.6000000000000001": {
        "cnot": {
            "fidelity": 0.565,
            "trace_distance": 0.4826345596729057
        },
        "dcnot": {
            "fidelity": 0.5549999999999999,
            "trace_distance": 0.47606601717798197
        },
        "cz": {
            "fidelity": 0.6099999999999999,
            "trace_distance": 0.4231370849898475
        },
        "swap": {
            "fidelity": 0.49999999999999994,
            "trace_distance": 0.5621320343559639
        }
    },
    "0.6500000000000001": {
        "cnot": {
            "fidelity": 0.5549999999999999,
            "trace_distance": 0.48849242404917476
        },
        "dcnot": {
            "fidelity": 0.6099999999999999,
            "trace_distance": 0.41071067811865464
        },
        "cz": {
            "fidelity": 0.6099999999999999,
            "trace_distance": 0.42727922061357837
        },
        "swap": {
            "fidelity": 0.5549999999999999,
            "trace_distance": 0.4802081528017129
        }
    },
    "0.7000000000000002": {
        "cnot": {
            "fidelity": 0.6599999999999998,
            "trace_distance": 0.38970562748477133
        },
        "dcnot": {
            "fidelity": 0.6699999999999998,
            "trace_distance": 0.3548528137423857
        },
        "cz": {
            "fidelity": 0.565,
            "trace_distance": 0.4702081528017129
        },
        "swap": {
            "fidelity": 0.7099999999999999,
            "trace_distance": 0.31899494936611655
        }
    },
    "0.7500000000000002": {
        "cnot": {
            "fidelity": 0.7499999999999999,
            "trace_distance": 0.26656854249492373
        },
        "dcnot": {
            "fidelity": 0.6449999999999999,
            "trace_distance": 0.3943502884254439
        },
        "cz": {
            "fidelity": 0.6599999999999998,
            "trace_distance": 0.36485281374238554
        },
        "swap": {
            "fidelity": 0.6849999999999998,
            "trace_distance": 0.34192388155425113
        }
    },
    "0.8000000000000003": {
        "cnot": {
            "fidelity": 0.8199999999999998,
            "trace_distance": 0.20071067811865473
        },
        "dcnot": {
            "fidelity": 0.7199999999999999,
            "trace_distance": 0.30485281374238565
        },
        "cz": {
            "fidelity": 0.7849999999999998,
            "trace_distance": 0.24192388155425115
        },
        "swap": {
            "fidelity": 0.7799999999999998,
            "trace_distance": 0.24071067811865468
        }
    },
    "0.8500000000000003": {
        "cnot": {
            "fidelity": 0.8200912359159663,
            "trace_distance": 0.19790833998914423
        },
        "dcnot": {
            "fidelity": 0.7730074464322158,
            "trace_distance": 0.252311170710746
        },
        "cz": {
            "fidelity": 0.8143642214813301,
            "trace_distance": 0.2208030290506426
        },
        "swap": {
            "fidelity": 0.7917464678409927,
            "trace_distance": 0.24346593614286138
        }
    },
    "0.9000000000000004": {
        "cnot": {
            "fidelity": 0.8899999999999999,
            "trace_distance": 0.12242640687119286
        },
        "dcnot": {
            "fidelity": 0.8249999999999998,
            "trace_distance": 0.18535533905932733
        },
        "cz": {
            "fidelity": 0.9049999999999998,
            "trace_distance": 0.10121320343559642
        },
        "swap": {
            "fidelity": 0.8849999999999999,
            "trace_distance": 0.12949747468305833
        }
    },
    "0.9500000000000004": {
        "cnot": {
            "fidelity": 0.9733654059756691,
            "trace_distance": 0.02959108392093823
        },
        "dcnot": {
            "fidelity": 0.938946127970535,
            "trace_distance": 0.06755585486396182
        },
        "cz": {
            "fidelity": 0.9235520804705116,
            "trace_distance": 0.07944126851249839
        },
        "swap": {
            "fidelity": 0.9666208158945093,
            "trace_distance": 0.04002576000438238
        }
    }
}