{
    "0.4": {
        "cnot": {
            "fidelity": 0.5950000109187102,
            "trace_distance": 0.4699514229592994
        },
        "dcnot": {
            "fidelity": 0.5325000091816428,
            "trace_distance": 0.5351838642813626
        },
        "cz": {
            "fidelity": 0.5750000096779477,
            "trace_distance": 0.5023778298304922
        },
        "swap": {
            "fidelity": 0.5825000106705578,
            "trace_distance": 0.48104172865763173
        }
    },
    "0.45": {
        "cnot": {
            "fidelity": 0.6650000136483879,
            "trace_distance": 0.38313344020055234
        },
        "dcnot": {
            "fidelity": 0.6650000136483878,
            "trace_distance": 0.38313344020055223
        },
        "cz": {
            "fidelity": 0.7125000146409978,
            "trace_distance": 0.33836588152261554
        },
        "swap": {
            "fidelity": 0.6600000126557779,
            "trace_distance": 0.402880355147434
        }
    },
    "0.5": {
        "cnot": {
            "fidelity": 0.692500014144693,
            "trace_distance": 0.35861532178643896
        },
        "dcnot": {
            "fidelity": 0.727500015137303,
            "trace_distance": 0.3217936942383968
        },
        "cz": {
            "fidelity": 0.7200000143928454,
            "trace_distance": 0.3384887792598797
        },
        "swap": {
            "fidelity": 0.7050000141446929,
            "trace_distance": 0.35116827118419086
        }
    },
    "0.55": {
        "cnot": {
            "fidelity": 0.7325000158817605,
            "trace_distance": 0.3061889149152461
        },
        "dcnot": {
            "fidelity": 0.7100000148891504,
            "trace_distance": 0.3358129321248636
        },
        "cz": {
            "fidelity": 0.7100000156336079,
            "trace_distance": 0.323635965517494
        },
        "swap": {
            "fidelity": 0.7325000151373028,
            "trace_distance": 0.3186153217864389
        }
    },
    "0.6": {
        "cnot": {
            "fidelity": 0.8549761109256866,
            "trace_distance": 0.17216295858623915
        },
        "dcnot": {
            "fidelity": 0.7960323295931214,
            "trace_distance": 0.23118090234005476
        },
        "cz": {
            "fidelity": 0.8161537200034291,
            "trace_distance": 0.2258539803671626
        },
        "swap": {
            "fidelity": 0.7789552077995134,
            "trace_distance": 0.26746059520319837
        }
    },
    "0.6499999999999999": {
        "cnot": {
            "fidelity": 0.8958513446994313,
            "trace_distance": 0.11395032000737519
        },
        "dcnot": {
            "fidelity": 0.8252898376756904,
            "trace_distance": 0.2045672518039601
        },
        "cz": {
            "fidelity": 0.858946853976771,
            "trace_distance": 0.17218249016355003
        },
        "swap": {
            "fidelity": 0.8623933257802573,
            "trace_distance": 0.16169875426513272
        }
    },
    "0.7": {
        "cnot": {
            "fidelity": 0.9252552178129976,
            "trace_distance": 0.08855591217827787
        },
        "dcnot": {
            "fidelity": 0.921419915470901,
            "trace_distance": 0.08798222181942822
        },
        "cz": {
            "fidelity": 0.9309166246261298,
            "trace_distance": 0.0782375159734041
        },
        "swap": {
            "fidelity": 0.9557631292157147,
            "trace_distance": 0.06121945621256246
        }
    },
    "0.75": {
        "cnot": {
            "fidelity": 1.0000000248152505,
            "trace_distance": 2.2204460492503128e-16
        },
        "dcnot": {
            "fidelity": 1.0000000248152505,
            "trace_distance": 2.2204460492503128e-16
        },
        "cz": {
            "fidelity": 1.0000000248152505,
            "trace_distance": 2.2204460492503128e-16
        },
        "swap": {
            "fidelity": 1.0000000248152505,
            "trace_distance": 2.2204460492503128e-16
        }
    },
    "0.7999999999999999": {
        "cnot": {
            "fidelity": 1.0000000248152505,
            "trace_distance": 2.2204460492503128e-16
        },
        "dcnot": {
            "fidelity": 1.0000000248152505,
            "trace_distance": 2.2204460492503128e-16
        },
        "cz": {
            "fidelity": 1.0000000248152505,
            "trace_distance": 2.2204460492503128e-16
        },
        "swap": {
            "fidelity": 1.0000000248152505,
            "trace_distance": 2.2204460492503128e-16
        }
    },
    "0.8499999999999999": {
        "cnot": {
            "fidelity": 1.0000000248152505,
            "trace_distance": 2.2204460492503128e-16
        },
        "dcnot": {
            "fidelity": 1.0000000248152505,
            "trace_distance": 2.2204460492503128e-16
        },
        "cz": {
            "fidelity": 1.0000000248152505,
            "trace_distance": 2.2204460492503128e-16
        },
        "swap": {
            "fidelity": 1.0000000248152505,
            "trace_distance": 2.2204460492503128e-16
        }
    },
    "0.8999999999999999": {
        "cnot": {
            "fidelity": 1.000000023069595,
            "trace_distance": 2.775557561562892e-16
        },
        "dcnot": {
            "fidelity": 1.0000000221400291,
            "trace_distance": 2.775557561562892e-16
        },
        "cz": {
            "fidelity": 1.000000029998664,
            "trace_distance": 2.7755575615628914e-16
        },
        "swap": {
            "fidelity": 1.0000000312957251,
            "trace_distance": 2.775557561562892e-16
        }
    },
    "0.9499999999999998": {
        "cnot": {
            "fidelity": 1.0000000235652886,
            "trace_distance": 2.749323935067854e-16
        },
        "dcnot": {
            "fidelity": 1.000000022807019,
            "trace_distance": 2.839392980314498e-16
        },
        "cz": {
            "fidelity": 1.000000025125627,
            "trace_distance": 2.8246444765101997e-16
        },
        "swap": {
            "fidelity": 1.0000000231416637,
            "trace_distance": 2.7306023385612856e-16
        }
    },
    "0.9999999999999999": {
        "cnot": {
            "fidelity": 1.0000000275283518,
            "trace_distance": 2.7194799110210404e-16
        },
        "dcnot": {
            "fidelity": 1.00000002799572,
            "trace_distance": 2.7194799110210404e-16
        },
        "cz": {
            "fidelity": 1.0000000202440584,
            "trace_distance": 2.7194799110210394e-16
        },
        "swap": {
            "fidelity": 1.0000000202074129,
            "trace_distance": 2.7194799110210404e-16
        }
    }
}