{
    "0.4": {
        "cnot": {
            "fidelity": 0.605,
            "trace_distance": 0.43020815280171293
        },
        "dcnot": {
            "fidelity": 0.6549999999999998,
            "trace_distance": 0.37192388155425105
        },
        "cz": {
            "fidelity": 0.6249999999999999,
            "trace_distance": 0.41849242404917475
        },
        "swap": {
            "fidelity": 0.7099999999999999,
            "trace_distance": 0.3231370849898476
        }
    },
    "0.45": {
        "cnot": {
            "fidelity": 0.5599999999999999,
            "trace_distance": 0.46485281374238546
        },
        "dcnot": {
            "fidelity": 0.6349999999999999,
            "trace_distance": 0.39192388155425106
        },
        "cz": {
            "fidelity": 0.59,
            "trace_distance": 0.4514213562373093
        },
        "swap": {
            "fidelity": 0.6749999999999998,
            "trace_distance": 0.3643502884254438
        }
    },
    "0.5": {
        "cnot": {
            "fidelity": 0.5499999999999999,
            "trace_distance": 0.4748528137423855
        },
        "dcnot": {
            "fidelity": 0.4649999999999999,
            "trace_distance": 0.5702081528017129
        },
        "cz": {
            "fidelity": 0.5399999999999999,
            "trace_distance": 0.49313708498984743
        },
        "swap": {
            "fidelity": 0.5049999999999999,
            "trace_distance": 0.530208152801713
        }
    },
    "0.55": {
        "cnot": {
            "fidelity": 0.5560516093578806,
            "trace_distance": 0.5025057219034987
        },
        "dcnot": {
            "fidelity": 0.5206940239334762,
            "trace_distance": 0.5385550017945082
        },
        "cz": {
            "fidelity": 0.4984081684353241,
            "trace_distance": 0.5424405378462862
        },
        "swap": {
            "fidelity": 0.4951784222912821,
            "trace_distance": 0.5575700799574566
        }
    },
    "0.6": {
        "cnot": {
            "fidelity": 0.4817553597651646,
            "trace_distance": 0.5742057498034057
        },
        "dcnot": {
            "fidelity": 0.46125389813905193,
            "trace_distance": 0.594456438389159
        },
        "cz": {
            "fidelity": 0.4457099663393137,
            "trace_distance": 0.6096855070383557
        },
        "swap": {
            "fidelity": 0.47940070685616404,
            "trace_distance": 0.5758648763592362
        }
    },
    "0.6499999999999999": {
        "cnot": {
            "fidelity": 0.4799999999999999,
            "trace_distance": 0.586274169979695
        },
        "dcnot": {
            "fidelity": 0.4699999999999999,
            "trace_distance": 0.5714213562373093
        },
        "cz": {
            "fidelity": 0.5449999999999999,
            "trace_distance": 0.5026345596729057
        },
        "swap": {
            "fidelity": 0.5549999999999999,
            "trace_distance": 0.4802081528017129
        }
    },
    "0.7": {
        "cnot": {
            "fidelity": 0.46914810577516386,
            "trace_distance": 0.5873789990042846
        },
        "dcnot": {
            "fidelity": 0.44067501605579484,
            "trace_distance": 0.603826534434599
        },
        "cz": {
            "fidelity": 0.37090331222547945,
            "trace_distance": 0.6923128605314429
        },
        "swap": {
            "fidelity": 0.4646572497806257,
            "trace_distance": 0.5936496052040511
        }
    },
    "0.75": {
        "cnot": {
            "fidelity": 0.37999999999999995,
            "trace_distance": 0.6821320343559643
        },
        "dcnot": {
            "fidelity": 0.4149999999999999,
            "trace_distance": 0.6326345596729057
        },
        "cz": {
            "fidelity": 0.37999999999999995,
            "trace_distance": 0.6697056274847712
        },
        "swap": {
            "fidelity": 0.4149999999999999,
            "trace_distance": 0.6326345596729057
        }
    },
    "0.7999999999999999": {
        "cnot": {
            "fidelity": 0.29603575171809055,
            "trace_distance": 0.7556786474641695
        },
        "dcnot": {
            "fidelity": 0.2912094252238356,
            "trace_distance": 0.7439776187589038
        },
        "cz": {
            "fidelity": 0.40482264395980183,
            "trace_distance": 0.6418452958795998
        },
        "swap": {
            "fidelity": 0.4192072776510451,
            "trace_distance": 0.636305799866722
        }
    },
    "0.8499999999999999": {
        "cnot": {
            "fidelity": 0.23989382208952048,
            "trace_distance": 0.7982016241525918
        },
        "dcnot": {
            "fidelity": 0.2677412518129991,
            "trace_distance": 0.7909694743167001
        },
        "cz": {
            "fidelity": 0.30021461272940553,
            "trace_distance": 0.7495412438623283
        },
        "swap": {
            "fidelity": 0.356855536410083,
            "trace_distance": 0.6902727797721441
        }
    },
    "0.8999999999999999": {
        "cnot": {
            "fidelity": 0.26499999999999996,
            "trace_distance": 0.7826345596729061
        },
        "dcnot": {
            "fidelity": 0.2899999999999999,
            "trace_distance": 0.7597056274847713
        },
        "cz": {
            "fidelity": 0.24999999999999992,
            "trace_distance": 0.7955634918610403
        },
        "swap": {
            "fidelity": 0.31499999999999995,
            "trace_distance": 0.7326345596729059
        }
    },
    "0.9499999999999998": {
        "cnot": {
            "fidelity": 0.26503978145456814,
            "trace_distance": 0.7855072613637458
        },
        "dcnot": {
            "fidelity": 0.2691916899536583,
            "trace_distance": 0.7783492704627466
        },
        "cz": {
            "fidelity": 0.2645703237887733,
            "trace_distance": 0.7901565917196457
        },
        "swap": {
            "fidelity": 0.30959323962052304,
            "trace_distance": 0.7513115229204486
        }
    },
    "0.9999999999999999": {
        "cnot": {
            "fidelity": 0.22499999999999998,
            "trace_distance": 0.830918830920368
        },
        "dcnot": {
            "fidelity": 0.23999999999999996,
            "trace_distance": 0.8097056274847714
        },
        "cz": {
            "fidelity": 0.24999999999999992,
            "trace_distance": 0.7997056274847715
        },
        "swap": {
            "fidelity": 0.23999999999999994,
            "trace_distance": 0.8138477631085023
        }
    }
}