{
    "1.0": {
        "1.0": {
            "fidelity": 1.0000000385364467,
            "trace_distance": 5.836463737222537e-16
        }
    }
}