{
    "0.4": {
        "cnot": {
            "fidelity": 0.6400000121594728,
            "trace_distance": 0.42337923567508057
        },
        "dcnot": {
            "fidelity": 0.5300000084371852,
            "trace_distance": 0.549698337906181
        },
        "cz": {
            "fidelity": 0.5800000096779477,
            "trace_distance": 0.49895001711471104
        },
        "swap": {
            "fidelity": 0.5950000099261004,
            "trace_distance": 0.48627052519039976
        }
    },
    "0.45": {
        "cnot": {
            "fidelity": 0.5450000096779477,
            "trace_distance": 0.5194525424316527
        },
        "dcnot": {
            "fidelity": 0.6725000129039302,
            "trace_distance": 0.391291168921455
        },
        "cz": {
            "fidelity": 0.6450000124076254,
            "trace_distance": 0.4153104068079218
        },
        "swap": {
            "fidelity": 0.6200000119113204,
            "trace_distance": 0.43873821952370307
        }
    },
    "0.5": {
        "cnot": {
            "fidelity": 0.7000000148891504,
            "trace_distance": 0.3419202367649559
        },
        "dcnot": {
            "fidelity": 0.667500013152083,
            "trace_distance": 0.3898285252220352
        },
        "cz": {
            "fidelity": 0.7100000141446929,
            "trace_distance": 0.3484887792598797
        },
        "swap": {
            "fidelity": 0.6525000116631677,
            "trace_distance": 0.4237175757926479
        }
    },
    "0.55": {
        "cnot": {
            "fidelity": 0.7000000153854554,
            "trace_distance": 0.3331370849898475
        },
        "dcnot": {
            "fidelity": 0.6800000141446929,
            "trace_distance": 0.3655634918610403
        },
        "cz": {
            "fidelity": 0.7750000168743705,
            "trace_distance": 0.26459972868926723
        },
        "swap": {
            "fidelity": 0.740000015137303,
            "trace_distance": 0.31409720337232544
        }
    },
    "0.6": {
        "cnot": {
            "fidelity": 0.7702083159930088,
            "trace_distance": 0.2716001419162699
        },
        "dcnot": {
            "fidelity": 0.8446416553903673,
            "trace_distance": 0.18947229393392512
        },
        "cz": {
            "fidelity": 0.8649171409181149,
            "trace_distance": 0.1643356157117962
        },
        "swap": {
            "fidelity": 0.8373370139337594,
            "trace_distance": 0.19058953192577405
        }
    },
    "0.6499999999999999": {
        "cnot": {
            "fidelity": 0.872921420927355,
            "trace_distance": 0.14854108768076765
        },
        "dcnot": {
            "fidelity": 0.8944216634821837,
            "trace_distance": 0.13014768585191558
        },
        "cz": {
            "fidelity": 0.8668056623014704,
            "trace_distance": 0.15927893464007284
        },
        "swap": {
            "fidelity": 0.8897108266570976,
            "trace_distance": 0.1276084312405847
        }
    },
    "0.7": {
        "cnot": {
            "fidelity": 0.8960857284463798,
            "trace_distance": 0.11829068725139864
        },
        "dcnot": {
            "fidelity": 0.9509189354029353,
            "trace_distance": 0.05682571336340116
        },
        "cz": {
            "fidelity": 0.9066481393884505,
            "trace_distance": 0.10492864118435685
        },
        "swap": {
            "fidelity": 0.9460584487091207,
            "trace_distance": 0.06973591987292972
        }
    },
    "0.75": {
        "cnot": {
            "fidelity": 1.0000000248152505,
            "trace_distance": 2.2204460492503128e-16
        },
        "dcnot": {
            "fidelity": 1.0000000248152505,
            "trace_distance": 2.2204460492503128e-16
        },
        "cz": {
            "fidelity": 1.0000000248152505,
            "trace_distance": 2.2204460492503128e-16
        },
        "swap": {
            "fidelity": 1.0000000248152505,
            "trace_distance": 2.2204460492503128e-16
        }
    },
    "0.7999999999999999": {
        "cnot": {
            "fidelity": 1.0000000248152505,
            "trace_distance": 2.2204460492503128e-16
        },
        "dcnot": {
            "fidelity": 1.0000000248152505,
            "trace_distance": 2.2204460492503128e-16
        },
        "cz": {
            "fidelity": 1.0000000248152505,
            "trace_distance": 2.2204460492503128e-16
        },
        "swap": {
            "fidelity": 1.0000000248152505,
            "trace_distance": 2.2204460492503128e-16
        }
    },
    "0.8499999999999999": {
        "cnot": {
            "fidelity": 1.0000000248152505,
            "trace_distance": 2.2204460492503128e-16
        },
        "dcnot": {
            "fidelity": 1.0000000248152505,
            "trace_distance": 2.2204460492503128e-16
        },
        "cz": {
            "fidelity": 1.0000000248152505,
            "trace_distance": 2.2204460492503128e-16
        },
        "swap": {
            "fidelity": 1.0000000248152505,
            "trace_distance": 2.2204460492503128e-16
        }
    },
    "0.8999999999999999": {
        "cnot": {
            "fidelity": 1.0000000237016886,
            "trace_distance": 2.775557561562892e-16
        },
        "dcnot": {
            "fidelity": 1.0000000239624363,
            "trace_distance": 2.775557561562892e-16
        },
        "cz": {
            "fidelity": 1.0000000243193348,
            "trace_distance": 2.775557561562892e-16
        },
        "swap": {
            "fidelity": 1.0000000325979885,
            "trace_distance": 2.775557561562892e-16
        }
    },
    "0.9499999999999998": {
        "cnot": {
            "fidelity": 1.000000022755782,
            "trace_distance": 2.6489957258529514e-16
        },
        "dcnot": {
            "fidelity": 1.0000000204333117,
            "trace_distance": 2.6669798062465467e-16
        },
        "cz": {
            "fidelity": 1.0000000252617196,
            "trace_distance": 2.763953711324559e-16
        },
        "swap": {
            "fidelity": 1.000000027419584,
            "trace_distance": 2.8935821655567927e-16
        }
    },
    "0.9999999999999999": {
        "cnot": {
            "fidelity": 1.0000000277770775,
            "trace_distance": 2.7194799110210404e-16
        },
        "dcnot": {
            "fidelity": 1.0000000277807597,
            "trace_distance": 2.71947991102104e-16
        },
        "cz": {
            "fidelity": 1.0000000190282303,
            "trace_distance": 2.719479911021041e-16
        },
        "swap": {
            "fidelity": 1.0000000179674917,
            "trace_distance": 2.7194799110210404e-16
        }
    }
}